{"is_source_file": true, "format": "Python", "description": "This file sets up a FastAPI web server with CORS middleware and a basic health check endpoint.", "external_files": ["fastapi", "fastapi.middleware.cors"], "external_methods": ["FastAPI", "CORSMiddleware"], "published": [], "classes": [], "methods": [{"name": "health_check()", "description": "A simple GET endpoint returning a health status message.", "scope": "", "scopeKind": ""}], "calls": ["app.add_middleware", "app.get"], "search-terms": ["FastAPI", "health check", "CORS", "backend server", "api initialization"], "state": 2, "file_id": 3, "knowledge_revision": 9, "git_revision": "13100d0e1ff89b4336c0da5ee95352ef605f2a3e", "ctags": [{"_type": "tag", "name": "app", "path": "/home/kavia/workspace/code-generation/sudoku-solver-and-assistant-216378-216393/sudoku_backend/src/api/main.py", "pattern": "/^app = FastAPI()$/", "language": "Python", "kind": "variable"}, {"_type": "tag", "name": "health_check", "path": "/home/kavia/workspace/code-generation/sudoku-solver-and-assistant-216378-216393/sudoku_backend/src/api/main.py", "pattern": "/^def health_check():$/", "language": "Python", "kind": "function", "signature": "()"}], "hash": "58352bf5f133908bab16643199aa483d", "format-version": 4, "code-base-name": "sudoku_backend", "filename": "sudoku_backend/src/api/main.py", "fields": [{"name": "app = FastAPI()", "scope": "", "scopeKind": "", "description": "unavailable"}], "revision_history": [{"9": "13100d0e1ff89b4336c0da5ee95352ef605f2a3e"}]}