{"is_source_file": true, "format": "Python", "description": "This file generates an OpenAPI schema for the API defined in the main application, and saves it as a JSON file.", "external_files": ["src/api/main.py"], "external_methods": ["app.openapi()"], "published": [], "classes": [], "methods": [], "calls": ["app.openapi()", "os.makedirs", "os.path.join", "json.dump"], "search-terms": ["generate_openapi", "openapi_schema", "interfaces", "json", "app.openapi"], "state": 2, "file_id": 4, "knowledge_revision": 8, "git_revision": "13100d0e1ff89b4336c0da5ee95352ef605f2a3e", "ctags": [{"_type": "tag", "name": "openapi_schema", "path": "/home/kavia/workspace/code-generation/sudoku-solver-and-assistant-216378-216393/sudoku_backend/src/api/generate_openapi.py", "pattern": "/^openapi_schema = app.openapi()$/", "language": "Python", "kind": "variable"}, {"_type": "tag", "name": "output_dir", "path": "/home/kavia/workspace/code-generation/sudoku-solver-and-assistant-216378-216393/sudoku_backend/src/api/generate_openapi.py", "pattern": "/^output_dir = \"interfaces\"$/", "language": "Python", "kind": "variable"}, {"_type": "tag", "name": "output_path", "path": "/home/kavia/workspace/code-generation/sudoku-solver-and-assistant-216378-216393/sudoku_backend/src/api/generate_openapi.py", "pattern": "/^output_path = os.path.join(output_dir, \"openapi.json\")$/", "language": "Python", "kind": "variable"}], "hash": "61e3715e79bc397fab3e70f503a41417", "format-version": 4, "code-base-name": "sudoku_backend", "filename": "sudoku_backend/src/api/generate_openapi.py", "fields": [{"name": "openapi_schema = app.openapi()", "scope": "", "scopeKind": "", "description": "unavailable"}, {"name": "output_dir = \"interfaces\"", "scope": "", "scopeKind": "", "description": "unavailable"}, {"name": "output_path = os.path.join(output_dir, \"openapi.json\")", "scope": "", "scopeKind": "", "description": "unavailable"}], "revision_history": [{"8": "13100d0e1ff89b4336c0da5ee95352ef605f2a3e"}]}